task	folder	file_name	db	qseqid	evalue	pident	qcovs	sseqid	contig_count	nt_aligned_seq	aa_aligned_seq	nt_longest_orf	nt_longest_orf_len	aa_longest_orf	aa_longest_orf_len
means the task used	means the folder of origin from the query	means the query filename	means the database of the result	means Query Seq-id	means Expect value	means Percentage of identical matches	means Query Coverage Per Subject	means Subject Seq-id	means number of results for this contig with less identity	means nucleotide alignment from db	means amino-acid alignment from db	means longest nucleotide orf in alignment	means length of longest nucleotide orf in alignment	means longest amino-acid orf in alignment	means length of longest amino-acid orf in alignment
tblastn	query	caffeic	fvesca_scaffolds	aly:ARALYDRAFT_684972	8e-21	38.00	89	scf0512956	933	cagtggatgctacaccagtatgatgacaaacgttgcttgacaatactaaagaactgctacgaggcattgccaaaccatggaaaagtcatagtggttgatatggtgataccggaagcccccgaaactactacttctgcaaaaagcttgtttcagtttgatatgttcatgatgaacatgaacaccactggaaatgagaggacagagaaagaacttggaagtttgggaaaacaagccgggtttaacaccattcaagtggcatgttctgcgtttaacttttcggtggtggagctgttcaag	QWMLHQYDDKRCLTILKNCYEALPNHGKVIVVDMVIPEAPETTTSAKSLFQFDMFMMNMNTTGNERTEKELGSLGKQAGFNTIQVACSAFNFSVVELFK	atgctacaccagtatgatgacaaacgttgcttgacaatactaaagaactgctacgaggcattgccaaaccatggaaaagtcatagtggttgatatggtgataccggaagcccccgaaactactacttctgcaaaaagcttgtttcagtttgatatgttcatgatgaacatgaacaccactggaaatgagaggacagagaaagaacttggaagtttgggaaaacaagccgggtttaacaccattcaagtggcatgttctgcgtttaacttttcggtggtggagctgttcaag	291	MLHQYDDKRCLTILKNCYEALPNHGKVIVVDMVIPEAPETTTSAKSLFQFDMFMMNMNTTGNERTEKELGSLGKQAGFNTIQVACSAFNFSVVELFK	97
tblastn	query	caffeic	fvesca_scaffolds	brp:103830566	9e-21	44.95	58	scf0513190	1270	gtacctgtatgtgttattgtgaccatacagtggatatgtcacgactggagtgacgagcattgcataaaattcttgaagaactgctacgctgcgcttccagacgatggcaaagtgattctcggtgagtgcattcttcctgttgcaccagacactagccttgccaccaagggagttgtccatatcgatgtgatcatgttggcgcacaaccccggcggcaaagagaggacggagcaggagtttgaagccctggctaagggttctggattccaaggcattcgcgtctgctgtgatgctttcaacacctatgtcattgagtttcttaag	VPVCVIVTIQWICHDWSDEHCIKFLKNCYAALPDDGKVILGECILPVAPDTSLATKGVVHIDVIMLAHNPGGKERTEQEFEALAKGSGFQGIRVCCDAFNTYVIEFLK	atgccttggaatccagaacccttagccagggcttcaaactcctgctccgtcctctctttgccgccggggttgtgcgccaacatgatcacatcgatatggacaactcccttggtggcaaggctagtgtctggtgcaacaggaagaatgcactcaccgagaatcactttgccatcgtctggaagcgcagcgtag	192	MPWNPEPLARASNSCSVLSLPPGLCANMITSIWTTPLVARLVSGATGRMHSPRITLPSSGSAA*	64
tblastn	query	caffeoyl	fvesca_scaffolds	egr:104441053	1e-20	43.64	33	scf0513135	877	cgggatcctgcagctctggctgccaagtattcagaccctctagtgtacactggagccatccgtgtaaggaccggttatgaaattcttcgaatcacatcctacttgcagcagaatcttagcaagatgagagtcccctttttggttctccatggcacagctgacactgttactgatcctaaagcctcacagaaactgtacaacgaagcctcctcaactgacaaaaccatcacattgtatgatgggttattacatgacctcctctttgaaccagaacgagaagctattacggagcacataataggttggttgaagaatagaata	RDPAALAAKYSDPLVYTGAIRVRTGYEILRITSYLQQNLSKMRVPFLVLHGTADTVTDPKASQKLYNEASSTDKTITLYDGLLHDLLFEPEREAITEHIIGWLKNRI	atgtgctccgtaatagcttctcgttctggttcaaagaggaggtcatgtaataacccatcatacaatgtgatggttttgtcagttgaggaggcttcgttgtacagtttctgtgaggctttaggatcagtaacagtgtcagctgtgccatggagaaccaaaaaggggactctcatcttgctaagattctgctgcaagtag	198	MCSVIASRSGSKRRSCNNPSYNVMVLSVEEASLYSFCEALGSVTVSAVPWRTKKGTLILLRFCCK*	66
tblastn	query	caffeic	fvesca_scaffolds	smo:SELMODRAFT_95652	6e-21	33.84	74	scf0513152	604	agaggccaagcagatgtatggaagtacatgctcggctttgctgattccatggctttgagatctgctgtggagctccgcataccagatatcatacactctcatggtcgtgcattgacgttgtctgaaatagcctcgtccttcgactctgcatcaccctctcccgatatctcatgcctcgctcgcatcatgcggttgctggtccgccggaacatcttcaccgcacaccatgacggtgaagattctgagaaaaccggcctctacgggttgactcactcgtctagatggctcttgcacgactcagagctcactctagctccgatggttctcatggagaccaatcctactctaatggctccatggcactgtttcagccagtgtgtcaagcaacgcggcccatgcgcctttaagagggcgcatgggcgcgacatttggcaattcttttctgaaaatctcaagttcaaccgattgttcaacgatggcatggcgtgtacagctaagattacaatgaaagcgatacttgccggatataagggtgggtttgaggacgtggcaacactggtggatgttggtggtgggactggaagcgcagtggcggagattgtgaaggcgtatcccagcattaagggcatcaactttgatctaccacatgtagttgcaacagcgccggtgtaccatggggtgtcacatgttggaggtgacatgtttgatgagggcagtattccaaacgcagatgcaattttcatgaaggtaactcaaatgccagagtacgaaaatggttcttgc	RGQADVWKYMLGFADSMALRSAVELRIPDIIHSHGRALTLSEIASSFDSASPSPDISCLARIMRLLVRRNIFTAHHDGEDSEKTGLYGLTHSSRWLLHDSELTLAPMVLMETNPTLMAPWHCFSQCVKQRGPCAFKRAHGRDIWQFFSENLKFNRLFNDGMACTAKITMKAILAGYKGGFEDVATLVDVGGGTGSAVAEIVKAYPSIKGINFDLPHVVATAPVYHGVSHVGGDMFDEGSIPNADAIFMKVTQMPEYENGSC	atgctcggctttgctgattccatggctttgagatctgctgtggagctccgcataccagatatcatacactctcatggtcgtgcattgacgttgtctgaaatagcctcgtccttcgactctgcatcaccctctcccgatatctcatgcctcgctcgcatcatgcggttgctggtccgccggaacatcttcaccgcacaccatgacggtgaagattctgagaaaaccggcctctacgggttgactcactcgtctagatggctcttgcacgactcagagctcactctagctccgatggttctcatggagaccaatcctactctaatggctccatggcactgtttcagccagtgtgtcaagcaacgcggcccatgcgcctttaagagggcgcatgggcgcgacatttggcaattcttttctgaaaatctcaagttcaaccgattgttcaacgatggcatggcgtgtacagctaagattacaatgaaagcgatacttgccggatataagggtgggtttgaggacgtggcaacactggtggatgttggtggtgggactggaagcgcagtggcggagattgtgaaggcgtatcccagcattaagggcatcaactttgatctaccacatgtagttgcaacagcgccggtgtaccatggggtgtcacatgttggaggtgacatgtttgatgagggcagtattccaaacgcagatgcaattttcatgaaggtaactcaaatgccagagtacgaaaatggttcttgc	756	MLGFADSMALRSAVELRIPDIIHSHGRALTLSEIASSFDSASPSPDISCLARIMRLLVRRNIFTAHHDGEDSEKTGLYGLTHSSRWLLHDSELTLAPMVLMETNPTLMAPWHCFSQCVKQRGPCAFKRAHGRDIWQFFSENLKFNRLFNDGMACTAKITMKAILAGYKGGFEDVATLVDVGGGTGSAVAEIVKAYPSIKGINFDLPHVVATAPVYHGVSHVGGDMFDEGSIPNADAIFMKVTQMPEYENGSC	252
tblastn	query	caffeic	fvesca_scaffolds	rcu:RCOM_0561360	1e-20	34.91	63	scf0513170b	5292	tatacaagtgtggagcatagaagtggagatatgtttgaggcaataccaaatgcacagtcaatcatgttgagggttagttttctttgatctaggtttcacatccttcatatacaatggaaaaaccatcatatagatttcgaattttagatcgaacatcaactatctgataactaacgtaggaatatttatgtttgtatgtagtgggtactccataattgggatgatgaacactgtaagaagatattgaaaaactgttgggaggcaataccagatgatgggaaggtaatagttgtcgagtattttgtagtacctgaaatagttgagaatgcaacagaaatgaataagagcgtgttctacctcgacatattcatgatgaccacaagtcccggtggtaaggagcgaacgatcgctgaatttgagtatctagccaaatcagtaggttttgttgaaacaaagatcttcccacttcctcatgggagctatgttaatgagtttcttaag	YTSVEHRSGDMFEAIPNAQSIMLRVSFL*SRFHILHIQWKNHHIDFEF*IEHQLSDN*RRNIYVCM*WVLHNWDDEHCKKILKNCWEAIPDDGKVIVVEYFVVPEIVENATEMNKSVFYLDIFMMTTSPGGKERTIAEFEYLAKSVGFVETKIFPLPHGSYVNEFLK	atgttcgatctaaaattcgaaatctatatgatggtttttccattgtatatgaaggatgtgaaacctagatcaaagaaaactaaccctcaacatgattga	99	MFDLKFEIYMMVFPLYMKDVKPRSKKTNPQHD*	33
tblastn	query	caffeic	fvesca_scaffolds	bvg:104902057	7e-21	33.33	60	scf0512940	331	ttgggaagttcgatttgcattcagatggctcaaagagctgcaatagagctcgatgtcttcaatatcattgctaagtcagggccagaagctcatcttacatcgaaagaaattgtttcagaaatccccaccacagatccaaatgcagcagctgagaatctagagcgaatcctcaaccttctcagtgccgtcaaatccctcctttctacatatctcaaacaaagacacaatgacaaaacaccacaaagggcttatggtctaacaaaagaagtactactgtgcctagtgccaaatgaagatggagtttcgttcacatcagaaattatctcaggctctgaaatgcacattatacagagcttatgcatgctcaagcacccggtgctggaaccggggagtgttcctttctgtaaagcccatggagtaagcttctacgagttcatgtccgagagacctgagatgatttcatggttcaacaagcacatgagaactgcctcttatttacattttgatctgaaggttctcaaggtctatgaaggttttgaagaagtgaaagagctgatggatgcagggggtggtgatggaagttccctcgcaaaaattgtgtctatgtatcctcatatccatggcatcaatttcgacatctctagtgtcattgttcaggctcctaattatcaaggtata	LGSSICIQMAQRAAIELDVFNIIAKSGPEAHLTSKEIVSEIPTTDPNAAAENLERILNLLSAVKSLLSTYLKQRHNDKTPQRAYGLTKEVLLCLVPNEDGVSFTSEIISGSEMHIIQSLCMLKHPVLEPGSVPFCKAHGVSFYEFMSERPEMISWFNKHMRTASYLHFDLKVLKVYEGFEEVKELMDAGGGDGSSLAKIVSMYPHIHGINFDISSVIVQAPNYQGI	atggctcaaagagctgcaatagagctcgatgtcttcaatatcattgctaagtcagggccagaagctcatcttacatcgaaagaaattgtttcagaaatccccaccacagatccaaatgcagcagctgagaatctagagcgaatcctcaaccttctcagtgccgtcaaatccctcctttctacatatctcaaacaaagacacaatgacaaaacaccacaaagggcttatggtctaacaaaagaagtactactgtgcctagtgccaaatgaagatggagtttcgttcacatcagaaattatctcaggctctgaaatgcacattatacagagcttatgcatgctcaagcacccggtgctggaaccggggagtgttcctttctgtaaagcccatggagtaagcttctacgagttcatgtccgagagacctgagatgatttcatggttcaacaagcacatgagaactgcctcttatttacattttgatctgaaggttctcaaggtctatgaaggttttgaagaagtgaaagagctgatggatgcagggggtggtgatggaagttccctcgcaaaaattgtgtctatgtatcctcatatccatggcatcaatttcgacatctctagtgtcattgttcaggctcctaattatcaaggtata	654	MAQRAAIELDVFNIIAKSGPEAHLTSKEIVSEIPTTDPNAAAENLERILNLLSAVKSLLSTYLKQRHNDKTPQRAYGLTKEVLLCLVPNEDGVSFTSEIISGSEMHIIQSLCMLKHPVLEPGSVPFCKAHGVSFYEFMSERPEMISWFNKHMRTASYLHFDLKVLKVYEGFEEVKELMDAGGGDGSSLAKIVSMYPHIHGINFDISSVIVQAPNYQGI	218
tblastn	query	caffeic	fvesca_scaffolds	pvu:PHAVU_009G044400g	1e-20	42.06	95	scf0513173	793	caaagtaacattttatttctgtagttgatactccataattgggacgatgatcactgcaagaagatattgagaaactgttcgaatgcgttaccaaacaatggaaaggttatagtcgttgaatattgtgtgttgccagaagtaattgagaataccctagaaacaaaaaccatgctactacccgctgacattgcgatgatgaccttatgcaacggcaaggagcgaactataagtgaatatgatgccttggccaaatctgtcggtttcgtccagacaaaggcttttccgatttgccatggaacttatgtcattgagtttctgaag	QSNILFL*LILHNWDDDHCKKILRNCSNALPNNGKVIVVEYCVLPEVIENTLETKTMLLPADIAMMTLCNGKERTISEYDALAKSVGFVQTKAFPICHGTYVIEFLK	atgctactacccgctgacattgcgatgatgaccttatgcaacggcaaggagcgaactataagtgaatatgatgccttggccaaatctgtcggtttcgtccagacaaaggcttttccgatttgccatggaacttatgtcattgagtttctgaag	153	MLLPADIAMMTLCNGKERTISEYDALAKSVGFVQTKAFPICHGTYVIEFLK	51
tblastn	query	caffeic	fvesca_scaffolds	zma:101027166	1e-20	37.78	60	scf0513165	834	gaccctgttttgaccaaaccatggcattacttcagcacttggttccaaaacgatgaccctacgccatttgacacagcacatgggatgacattttgggactacgggaatcatcagccaagtattgcccatttcttcaacgatgccatggctagcgatgctcggttagtcaccagcgtgattgtcgacgagtgcagaggggtgtttgagggattagattcattggtcgatgttggaggtggtacaggaactgtggccaaggccattgctgatgcgttcccacatattaagtgcactgtacttgatctcccacatgtggtggctgacctgcaaggaagtaagaacttgaagtatactggaggtgacatgtttgaggcagttcctcctgccgatgcagttttactcaag	DPVLTKPWHYFSTWFQNDDPTPFDTAHGMTFWDYGNHQPSIAHFFNDAMASDARLVTSVIVDECRGVFEGLDSLVDVGGGTGTVAKAIADAFPHIKCTVLDLPHVVADLQGSKNLKYTGGDMFEAVPPADAVLLK	atgacattttgggactacgggaatcatcagccaagtattgcccatttcttcaacgatgccatggctagcgatgctcggttagtcaccagcgtgattgtcgacgagtgcagaggggtgtttgagggattagattcattggtcgatgttggaggtggtacaggaactgtggccaaggccattgctgatgcgttcccacatattaagtgcactgtacttgatctcccacatgtggtggctgacctgcaaggaagtaagaacttgaagtatactggaggtgacatgtttgaggcagttcctcctgccgatgcagttttactcaag	321	MTFWDYGNHQPSIAHFFNDAMASDARLVTSVIVDECRGVFEGLDSLVDVGGGTGTVAKAIADAFPHIKCTVLDLPHVVADLQGSKNLKYTGGDMFEAVPPADAVLLK	107
tblastn	query	caffeic	fvesca_scaffolds	mtr:MTR_3g096050	9e-21	26.67	72	scf0512989	164	atggaacatacacaaaaggagctaatattggaacaaaaagaagaggaactagccaaggtggaggtgtggaaatatgtgttaggattctctaaaatcgcagtagtgaagtgtgcgattgagcttggaatagctgatgctattgaaagccatggaagtgccatgacactctcagagctagccgcaattctcaagtgtgatccttcttctctttaccgcatcatgaggttcctagttcatcaccaaatattcaaagaagtacaacccaaaatccaactaggccccagaagctatgcacaaacacctttgtcccgctgcctactaaaatccggtaaaaacagcatggctgcattaattttgctggaggctagtccggtaatgctagaaccgtggcatggccttagtgctggggttcagggcgatggcatgagtactcccgcgtttgaggcagtacatggtgaggatgtatggagctttgccgcggctaaccccggtcacagcgagcttatcaatgaagcaatggcttgtgatgccaggctcgcagtgcctgcagtgattgaaagttgtatagaggtttttcatgggattgagagcatagtagatgtgggtggtggtgatgggactactttaagcttgttggttaaggcttgcccttggattactcgagggatcaattttgatcttcctcatgttgtgtctgttgctaaggagagtgaccgagttgagaatgttggaggtgacatgtttgattgtattccaaaggccgatgctgcaattatcaag	MEHTQKELILEQKEEELAKVEVWKYVLGFSKIAVVKCAIELGIADAIESHGSAMTLSELAAILKCDPSSLYRIMRFLVHHQIFKEVQPKIQLGPRSYAQTPLSRCLLKSGKNSMAALILLEASPVMLEPWHGLSAGVQGDGMSTPAFEAVHGEDVWSFAAANPGHSELINEAMACDARLAVPAVIESCIEVFHGIESIVDVGGGDGTTLSLLVKACPWITRGINFDLPHVVSVAKESDRVENVGGDMFDCIPKADAAIIK	atggaacatacacaaaaggagctaatattggaacaaaaagaagaggaactagccaaggtggaggtgtggaaatatgtgttaggattctctaaaatcgcagtagtgaagtgtgcgattgagcttggaatagctgatgctattgaaagccatggaagtgccatgacactctcagagctagccgcaattctcaagtgtgatccttcttctctttaccgcatcatgaggttcctagttcatcaccaaatattcaaagaagtacaacccaaaatccaactaggccccagaagctatgcacaaacacctttgtcccgctgcctactaaaatccggtaaaaacagcatggctgcattaattttgctggaggctagtccggtaatgctagaaccgtggcatggccttagtgctggggttcagggcgatggcatgagtactcccgcgtttgaggcagtacatggtgaggatgtatggagctttgccgcggctaaccccggtcacagcgagcttatcaatgaagcaatggcttgtgatgccaggctcgcagtgcctgcagtgattgaaagttgtatagaggtttttcatgggattgagagcatagtagatgtgggtggtggtgatgggactactttaagcttgttggttaaggcttgcccttggattactcgagggatcaattttgatcttcctcatgttgtgtctgttgctaaggagagtgaccgagttgagaatgttggaggtgacatgtttgattgtattccaaaggccgatgctgcaattatcaag	780	MEHTQKELILEQKEEELAKVEVWKYVLGFSKIAVVKCAIELGIADAIESHGSAMTLSELAAILKCDPSSLYRIMRFLVHHQIFKEVQPKIQLGPRSYAQTPLSRCLLKSGKNSMAALILLEASPVMLEPWHGLSAGVQGDGMSTPAFEAVHGEDVWSFAAANPGHSELINEAMACDARLAVPAVIESCIEVFHGIESIVDVGGGDGTTLSLLVKACPWITRGINFDLPHVVSVAKESDRVENVGGDMFDCIPKADAAIIK	260
tblastn	query	caffeic	fvesca_scaffolds	sot:102598963	1e-20	28.51	65	scf0513082	127	tctatgtcactcaagtgtgcagttcaactcggcataccggacgtgatcgataggcacggtgaacctatttctctaccggaattggtcacagcacttcagcttcacccggataaaaccggctatgtgcagcggctcatgcgcctaatggtacactctggtttctttgctacaatacatgtgtgcaggaatcaagatgaagaggaggaagaggcatatgaccttacaacgtcttctaggctcctcctgaaagacaaggtcccgagtatgttaccctttgttacagcgatgcttgatccagctttaacaacgccatggcagtttttgggaaactggttctgtgggaatgaggttacaccctttgagactgcgcatggaatgggtttatgggagtatggacataaaaaccctggattcaaccgtgttttcaatgaagcaatggccagtgattcaggaatgatgaacttggtcatcaaagactgcaagccaaactttgaggggttgagttcattagttgatgtaggaggtggtacaggaaaagttgctaggattctttgtgaggcttttcccaatttgaaatgcacagttcttgaacttccacaagttgttgctaacttgcaggatagtgcaaatttgaagttcattgctggtgatatgttccatgctattcctcctgctgatgctattttgctcaag	SMSLKCAVQLGIPDVIDRHGEPISLPELVTALQLHPDKTGYVQRLMRLMVHSGFFATIHVCRNQDEEEEEAYDLTTSSRLLLKDKVPSMLPFVTAMLDPALTTPWQFLGNWFCGNEVTPFETAHGMGLWEYGHKNPGFNRVFNEAMASDSGMMNLVIKDCKPNFEGLSSLVDVGGGTGKVARILCEAFPNLKCTVLELPQVVANLQDSANLKFIAGDMFHAIPPADAILLK	atgtcactcaagtgtgcagttcaactcggcataccggacgtgatcgataggcacggtgaacctatttctctaccggaattggtcacagcacttcagcttcacccggataaaaccggctatgtgcagcggctcatgcgcctaatggtacactctggtttctttgctacaatacatgtgtgcaggaatcaagatgaagaggaggaagaggcatatgaccttacaacgtcttctaggctcctcctgaaagacaaggtcccgagtatgttaccctttgttacagcgatgcttgatccagctttaacaacgccatggcagtttttgggaaactggttctgtgggaatgaggttacaccctttgagactgcgcatggaatgggtttatgggagtatggacataaaaaccctggattcaaccgtgttttcaatgaagcaatggccagtgattcaggaatgatgaacttggtcatcaaagactgcaagccaaactttgaggggttgagttcattagttgatgtaggaggtggtacaggaaaagttgctaggattctttgtgaggcttttcccaatttgaaatgcacagttcttgaacttccacaagttgttgctaacttgcaggatagtgcaaatttgaagttcattgctggtgatatgttccatgctattcctcctgctgatgctattttgctcaag	690	MSLKCAVQLGIPDVIDRHGEPISLPELVTALQLHPDKTGYVQRLMRLMVHSGFFATIHVCRNQDEEEEEAYDLTTSSRLLLKDKVPSMLPFVTAMLDPALTTPWQFLGNWFCGNEVTPFETAHGMGLWEYGHKNPGFNRVFNEAMASDSGMMNLVIKDCKPNFEGLSSLVDVGGGTGKVARILCEAFPNLKCTVLELPQVVANLQDSANLKFIAGDMFHAIPPADAILLK	230
tblastn	query	caffeic	fvesca_scaffolds	mtr:MTR_3g021440	7e-21	38.74	36	scf0512939	243	ctaatgggggcatggccgctggtgcacgaggcggtgattgacccctcggtggagccgtttgtgaaggcaaacggcgagccggcgtaccagtactacgggaagaggccggagatgaacgggttgatgcagaaggcaatgtcgggagtatctgtgccgttcataaaggcggtattagacggctacgatggttttcagggggtgacgagactggtggatgtgggtgggagtgccggagattgcctgaaaatgatcatggacagatatcctaatgtaagggaaggcattaactttgatctacctgaggtagttgccaaggccccaactattgccggt	LMGAWPLVHEAVIDPSVEPFVKANGEPAYQYYGKRPEMNGLMQKAMSGVSVPFIKAVLDGYDGFQGVTRLVDVGGSAGDCLKMIMDRYPNVREGINFDLPEVVAKAPTIAG	atgggggcatggccgctggtgcacgaggcggtgattgacccctcggtggagccgtttgtgaaggcaaacggcgagccggcgtaccagtactacgggaagaggccggagatgaacgggttgatgcagaaggcaatgtcgggagtatctgtgccgttcataaaggcggtattagacggctacgatggttttcagggggtgacgagactggtggatgtgggtgggagtgccggagattgcctgaaaatgatcatggacagatatcctaatgtaagggaaggcattaactttgatctacctgaggtagttgccaaggccccaactattgccggt	330	MGAWPLVHEAVIDPSVEPFVKANGEPAYQYYGKRPEMNGLMQKAMSGVSVPFIKAVLDGYDGFQGVTRLVDVGGSAGDCLKMIMDRYPNVREGINFDLPEVVAKAPTIAG	110
tblastn	query	caffeic	fvesca_scaffolds	csv:101214675	9e-21	47.47	90	scf0513177	507	atactccataactggaatgatgaccactgtaagaagatattgagaaactgttgggaggcaataccggattaggggaaggtaatagttgttgatcattatgtattgcctgaactagttgagaatacccccgacataaagcttgtactctacattgacatagtcatgatggccatgtttcaaggagctaaggagcgaacaacagctgagtatgatactctagccaaatccgtaggtttcgttgagacaaaaatcttcccacttcctcatggccggagttatattctcgagtttcttaaa	ILHNWNDDHCKKILRNCWEAIPD*GKVIVVDHYVLPELVENTPDIKLVLYIDIVMMAMFQGAKERTTAEYDTLAKSVGFVETKIFPLPHGRSYILEFLK	atgatggccatgtttcaaggagctaaggagcgaacaacagctgagtatgatactctagccaaatccgtaggtttcgttgagacaaaaatcttcccacttcctcatggccggagttatattctcgagtttcttaaa	135	MMAMFQGAKERTTAEYDTLAKSVGFVETKIFPLPHGRSYILEFLK	45
tblastn	query	caffeic	fvesca_scaffolds	mdm:103428685	6e-25	81.40	18	scf0512968	3	agatattccaaatttcaaaatgtgggcaatatcacactgcatttccctgatagttttggtggtgatacaaccaagattgagtatattggctttaaaggcgaagctacacaggtaatttcaaacgttata	RYSKFQNVGNITLHFPDSFGGDTTKIEYIGFKGEATQVISNVI	ataacgtttgaaattacctgtgtagcttcgcctttaaagccaatatactcaatcttggttgtatcaccaccaaaactatcagggaaatgcagtgtgatattgcccacattttga	114	ITFEITCVASPLKPIYSILVVSPPKLSGKCSVILPTF*	38
tblastn	query	caffeic	fvesca_scaffolds	mtr:MTR_8g068870	4e-28	65.93	20	scf0513159	7	attttgcctattggtggaccgggaaaggcattgacaccaatagagcaaggggagttgttgtttagacttgtggggagggaacccaagtttttgaaagttcccattgagataatggacttcgctattggggtacttgatttccttgtaaagatatttccttcactggaagatacagctgagttcgggaagattggaaggtattatgccgctgagagtatgttggttttggatcctgagaccggagaatacagtgctgagaaaacaccaagttat	ILPIGGPGKALTPIEQGELLFRLVGREPKFLKVPIEIMDFAIGVLDFLVKIFPSLEDTAEFGKIGRYYAAESMLVLDPETGEYSAEKTPSY	atggacttcgctattggggtacttgatttccttgtaaagatatttccttcactggaagatacagctgagttcgggaagattggaaggtattatgccgctgagagtatgttggttttggatcctgagaccggagaatacagtgctgagaaaacaccaagttat	162	MDFAIGVLDFLVKIFPSLEDTAEFGKIGRYYAAESMLVLDPETGEYSAEKTPSY	54
tblastn	query	caffeoyl	fvesca_scaffolds	eus:EUTSA_v10019589mg	1e-20	53.49	83	scf0513081	888	cagattacggccatagatagagattgtaaaacatacgaaataggtctcccaatcatacaaaaagccggagttgagcacaaaattgactacattgaatcggcggcactgcctgtccttgacaatctcttgggagaaccaaagaatgagggtgaattcgactttgcctttgtcgatgctgacaaagataagtattggaattatcatgagaggttggtgaaactgttgaagattggtgggattgttatgtatgataacacc	QITAIDRDCKTYEIGLPIIQKAGVEHKIDYIESAALPVLDNLLGEPKNEGEFDFAFVDADKDKYWNYHERLVKLLKIGGIVMYDNT	atgataattccaatacttatctttgtcagcatcgacaaaggcaaagtcgaattcaccctcattctttggttctcccaagagattgtcaaggacaggcagtgccgccgattcaatgtagtcaattttgtgctcaactccggctttttgtatgattgggagacctatttcgtatgttttacaatctctatctatggccgtaatctg	204	MIIPILIFVSIDKGKVEFTLILWFSQEIVKDRQCRRFNVVNFVLNSGFLYDWETYFVCFTISIYGRNL	68
tblastn	query	caffeoyl	fvesca_scaffolds	pda:103713767	1e-20	52.88	67	scf0513146.1	3600	ctcatgtatgggatggtcttgcagcatggaaatgaaggcagtttcgacttcgcctacgtggatgctgacaaggttaacaactggaattaccatgagagactactgaagctgttgaaggtgggtggcttagttgtctacgacaacacgctctgcagaggaacagtcgtatttcctgaagagttaactcatccagagtggaggaaacaacgcagacagctagccattgagcataacaagtcacttgcagccgatcctcgtatcgaaatttctcatgcttctgcgggtgatgggatgatgatttgccgccgaatc	LMYGMVLQHGNEGSFDFAYVDADKVNNWNYHERLLKLLKVGGLVVYDNTLCRGTVVFPEELTHPEWRKQRRQLAIEHNKSLAADPRIEISHASAGDGMMICRRI	atgtatgggatggtcttgcagcatggaaatgaaggcagtttcgacttcgcctacgtggatgctgacaaggttaacaactggaattaccatgagagactactgaagctgttgaaggtgggtggcttagttgtctacgacaacacgctctgcagaggaacagtcgtatttcctgaagagttaactcatccagagtggaggaaacaacgcagacagctagccattgagcataacaagtcacttgcagccgatcctcgtatcgaaatttctcatgcttctgcgggtgatgggatgatgatttgccgccgaatc	309	MYGMVLQHGNEGSFDFAYVDADKVNNWNYHERLLKLLKVGGLVVYDNTLCRGTVVFPEELTHPEWRKQRRQLAIEHNKSLAADPRIEISHASAGDGMMICRRI	103
tblastn	query	caffeoyl	fvesca_scaffolds	brp:103852438	9e-21	54.95	76	scf0513160a	543	agctttgatttcgcatttgtggatgcagacaaggaaaactacctcaactatcacgagcttctgatgaaacttgtcaaagttggtggaatcatagcttacgataacacactgtggtttgggacagttgcacaactagaggagaatgtgaaggaattggctttaaggaaaggcagaagtaatgtggttgaagtgaacaattttctagccgctgatcctcgagtcgaattagctctggtttccattggagatggcctcaccctctgcaggcgcctc	SFDFAFVDADKENYLNYHELLMKLVKVGGIIAYDNTLWFGTVAQLEENVKELALRKGRSNVVEVNNFLAADPRVELALVSIGDGLTLCRRL	atgaaacttgtcaaagttggtggaatcatagcttacgataacacactgtggtttgggacagttgcacaactagaggagaatgtgaaggaattggctttaaggaaaggcagaagtaatgtggttgaagtgaacaattttctagccgctgatcctcgagtcgaattagctctggtttccattggagatggcctcaccctctgcaggcgcctc	210	MKLVKVGGIIAYDNTLWFGTVAQLEENVKELALRKGRSNVVEVNNFLAADPRVELALVSIGDGLTLCRRL	70
tblastn	query	caffeoyl	fvesca_scaffolds	sly:101252173	1e-20	62.22	61	scf0513187	417	gattttcagataacagcaatcgatccaaacaaagaagcctatgaggtcggattgccgttcattcaaaaggccggggtggagcacaagatcgacttctttcactcagatgccttctcagtcctaaacgatctcatt	DFQITAIDPNKEAYEVGLPFIQKAGVEHKIDFFHSDAFSVLNDLI	atgaggtcggattgccgttcattcaaaaggccggggtggagcacaagatcgacttctttcactcagatgccttctcagtcctaa	84	MRSDCRSFKRPGWSTRSTSFTQMPSQS*	28
tblastn	query	caffeoyl	fvesca_scaffolds	egr:104417751	9e-21	61.54	73	scf0512966	530	caaaacaggaacatcatgaccacctcagctgatgaaggtcaattcttgaacatgcttctcaagctgatcaatgccaagaacaccatggagatcggtgtctacactggctactccctcttggccacagcccttgctatccctgaagatggaaaggtc	QNRNIMTTSADEGQFLNMLLKLINAKNTMEIGVYTGYSLLATALAIPEDGKV	atgaccacctcagctgatgaaggtcaattcttgaacatgcttctcaagctgatcaatgccaagaacaccatggagatcggtgtctacactggctactccctcttggccacagcccttgctatccctgaagatggaaaggtc	141	MTTSADEGQFLNMLLKLINAKNTMEIGVYTGYSLLATALAIPEDGKV	47
tblastn	query	caffeoyl	fvesca_scaffolds	gmx:100800623	9e-21	55.42	61	scf0513144	360	tcagactcgctttctgttaaaattgggcaggtgaaactacctttctttgttttacatggggaggcagatacagttacagaccctgaagtgagcaagtctctgtataaaaaagccagcagcccagacaagaccataaaattgtaccctggaatgtggcatggcttgacatcaggagagcctgatgggaacgtcgaaatcgtgtttacagacatcatactttggctggagaagcacactaccgatagcaat	SDSLSVKIGQVKLPFFVLHGEADTVTDPEVSKSLYKKASSPDKTIKLYPGMWHGLTSGEPDGNVEIVFTDIILWLEKHTTDSN	atgatgtctgtaaacacgatttcgacgttcccatcaggctctcctgatgtcaagccatgccacattccagggtacaattttatggtcttgtctgggctgctggcttttttatacagagacttgctcacttcagggtctgtaactgtatctgcctccccatgtaaaacaaagaaaggtagtttcacctgcccaattttaacagaaagcgagtct	213	MMSVNTISTFPSGSPDVKPCHIPGYNFMVLSGLLAFLYRDLLTSGSVTVSASPCKTKKGSFTCPILTESES	71
tblastn	query	caffeoyl	fvesca_scaffolds	egu:105036557	8e-22	31.95	80	scf0513133	268	ggaatcgcaaggaagttggcatcatttggctatggagtttttgcaatggactaccctggatttggtctttcagaaggtctgcattgttatattcctagctttgaaaggctcgtagatgatgtcattgagcatttttctaaagtcaaaacgcaacctgagttcagtactctcccaagctttcttttcgggcagtccatgggcggagctgtagctcttaagattcacctaaaacaacctagtggatggaatggtgccatcctagttgcacctatgtgcagaattgcagatgacatggccccgccatggctactagcacaagtcctaattggtgttgcgaaattccttccaaagcagaagttggttccacaaaagaatctggctgaggcagcctttaaagacttgaagaaacgggaactgacggcctacaatgttattgcttacagggataacccacgcctgcagactgctgtagaaatgctccatacaacccaagagatagaaagccgattagaagaagtctctcttccattattaatccttcatggagaagatgatattgtgactgatccatctgtaagtaaagcgctctacgagaaagcaagcagttctaacaagaagctaatcctgtacgaggatgcatatcattcccttctggagggtgagccggatgaaatgatagttcaagttttcaatgacatcatatcatggctc	GIARKLASFGYGVFAMDYPGFGLSEGLHCYIPSFERLVDDVIEHFSKVKTQPEFSTLPSFLFGQSMGGAVALKIHLKQPSGWNGAILVAPMCRIADDMAPPWLLAQVLIGVAKFLPKQKLVPQKNLAEAAFKDLKKRELTAYNVIAYRDNPRLQTAVEMLHTTQEIESRLEEVSLPLLILHGEDDIVTDPSVSKALYEKASSSNKKLILYEDAYHSLLEGEPDEMIVQVFNDIISWL	atggactaccctggatttggtctttcagaaggtctgcattgttatattcctagctttgaaaggctcgtagatgatgtcattgagcatttttctaaagtcaaaacgcaacctgagttcagtactctcccaagctttcttttcgggcagtccatgggcggagctgtagctcttaagattcacctaaaacaacctagtggatggaatggtgccatcctagttgcacctatgtgcagaattgcagatgacatggccccgccatggctactagcacaagtcctaattggtgttgcgaaattccttccaaagcagaagttggttccacaaaagaatctggctgaggcagcctttaaagacttgaagaaacgggaactgacggcctacaatgttattgcttacagggataacccacgcctgcagactgctgtagaaatgctccatacaacccaagagatagaaagccgattagaagaagtctctcttccattattaatccttcatggagaagatgatattgtgactgatccatctgtaagtaaagcgctctacgagaaagcaagcagttctaacaagaagctaatcctgtacgaggatgcatatcattcccttctggagggtgagccggatgaaatgatagttcaagttttcaatgacatcatatcatggctc	666	MDYPGFGLSEGLHCYIPSFERLVDDVIEHFSKVKTQPEFSTLPSFLFGQSMGGAVALKIHLKQPSGWNGAILVAPMCRIADDMAPPWLLAQVLIGVAKFLPKQKLVPQKNLAEAAFKDLKKRELTAYNVIAYRDNPRLQTAVEMLHTTQEIESRLEEVSLPLLILHGEDDIVTDPSVSKALYEKASSSNKKLILYEDAYHSLLEGEPDEMIVQVFNDIISWL	222
tblastn	query	caffeoyl	fvesca_scaffolds	mdm:103455552	4e-23	38.35	72	scf0513104	274	tcccccagaggactcaagctcttcacacgccaatggctccctcttctctctcctccacgtggcctcatcttcatggtccacggctacggcaacgacatcagctggacctttcaggccaccgccgtcttcctcgcccgtcacggcttcgcctgcttcgctctcgacctcgagtcccacggcggctcccaaggcctccgcgccttcgtccccaacgtcgatctcgtcgtcgccgactgccgcttcttcttcagcctcgtcaagcggagccccggtttcgaaaccctaccgtcttttctctacggcgagtccatgggcggcgcgatctgtcttctgatccacttcgcggatccggaagccttcgacggcgcggttctggtggcgccgatgtgtaaaatc	SPRGLKLFTRQWLPLLSPPRGLIFMVHGYGNDISWTFQATAVFLARHGFACFALDLESHGGSQGLRAFVPNVDLVVADCRFFFSLVKRSPGFETLPSFLYGESMGGAICLLIHFADPEAFDGAVLVAPMCKI	atggctccctcttctctctcctccacgtggcctcatcttcatggtccacggctacggcaacgacatcagctggacctttcaggccaccgccgtcttcctcgcccgtcacggcttcgcctgcttcgctctcgacctcgagtcccacggcggctcccaaggcctccgcgccttcgtccccaacgtcgatctcgtcgtcgccgactgccgcttcttcttcagcctcgtcaagcggagccccggtttcgaaaccctaccgtcttttctctacggcgagtccatgggcggcgcgatctgtcttctgatccacttcgcggatccggaagccttcgacggcgcggttctggtggcgccgatgtgtaa	360	MAPSSLSSTWPHLHGPRLRQRHQLDLSGHRRLPRPSRLRLLRSRPRVPRRLPRPPRLRPQRRSRRRRLPLLLQPRQAEPRFRNPTVFSLRRVHGRRDLSSDPLRGSGSLRRRGSGGADV*	120
tblastn	query	caffeoyl	fvesca_scaffolds	sly:101247305	9e-21	29.39	58	scf0513008	756	gagaaaattgaggtcagtataatttccaaacacaccatcaaaccatcagcttccactccacgacttcagccttacaagcttaccctcctggaccagctcactcctgcaatgtatgtccccatggtattcttctaccccattactgatcctgtcttcaatcttcctcaaaccctagctgacttaagacaagccctttccgagactctcactttgtactatccactctctggaagggtaaaaaacaacctatacatcgatgattttgaagagggtgtcccataccttgaggctcgagtgaattgtgacataactgatttcctaatgcttcggaaaatcgagtgcctaaatgagtttgttccaataaaaacatttagtatggaagcaatatctgatgagcgttaccctttgcttggagttcaagtcaacattttcgactctggaatagcaatcggtgtctccggctctcacaagctcattgatggaagaacggcagactgttttctcaagtcctggggtgctgtttttcgagggtgtcgtgaagatatcatacatccttgtctctctgaagcagcattgcttttcccaccgagagatgacctgcctgaaaagtatatagctttgatggaagggttacggtttgccggaaaaaaagtttctacgaggagattcgtatttgatgcgaaaaccatatctgcaattcaagatgaagcgaagagcgagtccgtgcccaagccatcacgagttcaggccgtcact	EKIEVSIISKHTIKPSASTPRLQPYKLTLLDQLTPAMYVPMVFFYPITDPVFNLPQTLADLRQALSETLTLYYPLSGRVKNNLYIDDFEEGVPYLEARVNCDITDFLMLRKIECLNEFVPIKTFSMEAISDERYPLLGVQVNIFDSGIAIGVSGSHKLIDGRTADCFLKSWGAVFRGCREDIIHPCLSEAALLFPPRDDLPEKYIALMEGLRFAGKKVSTRRFVFDAKTISAIQDEAKSESVPKPSRVQAVT	atgtatgtccccatggtattcttctaccccattactgatcctgtcttcaatcttcctcaaaccctagctgacttaagacaagccctttccgagactctcactttgtactatccactctctggaagggtaaaaaacaacctatacatcgatgattttgaagagggtgtcccataccttgaggctcgagtgaattgtgacataactgatttcctaatgcttcggaaaatcgagtgcctaaatgagtttgttccaataaaaacatttagtatggaagcaatatctgatgagcgttaccctttgcttggagttcaagtcaacattttcgactctggaatagcaatcggtgtctccggctctcacaagctcattgatggaagaacggcagactgttttctcaagtcctggggtgctgtttttcgagggtgtcgtgaagatatcatacatccttgtctctctgaagcagcattgcttttcccaccgagagatgacctgcctgaaaagtatatagctttgatggaagggttacggtttgccggaaaaaaagtttctacgaggagattcgtatttgatgcgaaaaccatatctgcaattcaagatgaagcgaagagcgagtccgtgcccaagccatcacgagttcaggccgtcact	648	MYVPMVFFYPITDPVFNLPQTLADLRQALSETLTLYYPLSGRVKNNLYIDDFEEGVPYLEARVNCDITDFLMLRKIECLNEFVPIKTFSMEAISDERYPLLGVQVNIFDSGIAIGVSGSHKLIDGRTADCFLKSWGAVFRGCREDIIHPCLSEAALLFPPRDDLPEKYIALMEGLRFAGKKVSTRRFVFDAKTISAIQDEAKSESVPKPSRVQAVT	216
tblastn	query	caffeoyl	fvesca_scaffolds	rcu:RCOM_0897120	3e-21	83.02	100	scf0513161	271	atggagaaggttgccgccacctccctctccttcttcctccacgtccggcgcagcgagccctaccgccacctcccggccttcctcttcggcgagtccatgggcggcctcgccaccatgctcatgtacttccagtcctccgagcccgacaggtggacgggc	MEKVAATSLSFFLHVRRSEPYRHLPAFLFGESMGGLATMLMYFQSSEPDRWTG	atggagaaggttgccgccacctccctctccttcttcctccacgtccggcgcagcgagccctaccgccacctcccggccttcctcttcggcgagtccatgggcggcctcgccaccatgctcatgtacttccagtcctccgagcccgacaggtggacgggc	159	MEKVAATSLSFFLHVRRSEPYRHLPAFLFGESMGGLATMLMYFQSSEPDRWTG	53
tblastn	query	caffeoyl	fvesca_scaffolds	pmum:103333965	1e-20	35.04	75	scf0513158.4	592	tatggaaggaattcaaggggtatggaaattttctgcaaaagctggttgccaaaacaaggtgatcaggtaaaaggtgccctgtgtttttgccatgggtacggtagtacttgtacattcttctttgaaggttggcctctttgtcttttgattgccaacatttgaaagtttttcctttacggatgaaattgatgaattttgacttcaggcattgctaggagaatcactcaatccgggtacgctgtatatgcagtagactatacagggtttggtctttctgaagggttgcatggttacatctcagactttgatgagttggtcgatgatgttattgaacaatttactagtatc	YGRNSRGMEIFCKSWLPKQGDQVKGALCFCHGYGSTCTFFFEGWPLCLLIANI*KFFLYG*N**ILTSGIARRITQSGYAVYAVDYTGFGLSEGLHGYISDFDELVDDVIEQFTSI	atggaaattttctgcaaaagctggttgccaaaacaaggtgatcaggtaaaaggtgccctgtgtttttgccatgggtacggtagtacttgtacattcttctttgaaggttggcctctttgtcttttgattgccaacatttga	141	MEIFCKSWLPKQGDQVKGALCFCHGYGSTCTFFFEGWPLCLLIANI*	47
tblastn	query	caffeoyl	fvesca_scaffolds	cit:102615417	1e-81	46.33	99	scf0513143	1	atggcaatttccagtggtgtcaccacgctcctcccaaaagcacacattgaatccgtccagactataacacccttcaagatcaccgatccgcgaccgacacttgccgtgtcggccgcagacccgatcagtttgggaatattccaaaactgcctgcacatccttctctactacacaaaagcaacccaagaggactcaagttggctccatgccggctggatcaaggagtccctttcgagggcgttggtggagcaaccgctatttgctggccgatttcgtgtgaatgatagtggagagctggaggttgtggccaatgacagcggcattagactcatcgaagctcgtactccgatgaccatggctgagtttctgtcttacaagtccagcagggaggatgcagaagatgaacttgtgttttggaaaacgattgatgaacatagtcctcagtactctcctctcttttatgttcaggtacttatttcttgtttccttcttttttgggatatattgaatcacttcagccctttttattttttcctttctcaggtgacatattttcagtgtggagggagttcactaggaattagctgcagtgttcttctagcagatcttttgttcaaagaaaattttctcaagaaatgggctaatatccaccacaatctgctttcagacaagagcctaactgtgacacccttttataatttccgacatgttggcaaaaatggaaagtctgccaacaatatatttgtctctattcctagcaaaaaatgtggcaagacaatgattttcaatgttgcagctgagaatgtggattcggagaacgatgatgcattgaaaatttgtgttgaagaagcagagagcaagtatggttttgggaaattgtttgtgaagatcaacagctcatcctgcagtgcagtcaaggttgagaattttcgaaaagaaggacttgctaagccaaaaattaagggaattgctgaagcgggatgggattttttcggggcaaaggaggtcggatttcgtgaagggaataagccggctagtgtttcgtattggtttggattcatttctggtggagttgttatggcagtgccatcatcagctgatcgggagggtgcttattcagtgattgttacagttcct	MAISSGVTTLLPKAHIESVQTITPFKITDPRPTLAVSAADPISLGIFQNCLHILLYYTKATQEDSSWLHAGWIKESLSRALVEQPLFAGRFRVNDSGELEVVANDSGIRLIEARTPMTMAEFLSYKSSREDAEDELVFWKTIDEHSPQYSPLFYVQVLISCFLLFWDILNHFSPFYFFLSQVTYFQCGGSSLGISCSVLLADLLFKENFLKKWANIHHNLLSDKSLTVTPFYNFRHVGKNGKSANNIFVSIPSKKCGKTMIFNVAAENVDSENDDALKICVEEAESKYGFGKLFVKINSSSCSAVKVENFRKEGLAKPKIKGIAEAGWDFFGAKEVGFREGNKPASVSYWFGFISGGVVMAVPSSADREGAYSVIVTVP	atggcaatttccagtggtgtcaccacgctcctcccaaaagcacacattgaatccgtccagactataacacccttcaagatcaccgatccgcgaccgacacttgccgtgtcggccgcagacccgatcagtttgggaatattccaaaactgcctgcacatccttctctactacacaaaagcaacccaagaggactcaagttggctccatgccggctggatcaaggagtccctttcgagggcgttggtggagcaaccgctatttgctggccgatttcgtgtgaatgatagtggagagctggaggttgtggccaatgacagcggcattagactcatcgaagctcgtactccgatgaccatggctgagtttctgtcttacaagtccagcagggaggatgcagaagatgaacttgtgttttggaaaacgattgatgaacatagtcctcagtactctcctctcttttatgttcaggtacttatttcttgtttccttcttttttgggatatattgaatcacttcagccctttttattttttcctttctcaggtgacatattttcagtgtggagggagttcactaggaattagctgcagtgttcttctagcagatcttttgttcaaagaaaattttctcaagaaatgggctaatatccaccacaatctgctttcagacaagagcctaactgtgacacccttttataatttccgacatgttggcaaaaatggaaagtctgccaacaatatatttgtctctattcctagcaaaaaatgtggcaagacaatgattttcaatgttgcagctgagaatgtggattcggagaacgatgatgcattgaaaatttgtgttgaagaagcagagagcaagtatggttttgggaaattgtttgtgaagatcaacagctcatcctgcagtgcagtcaaggttgagaattttcgaaaagaaggacttgctaagccaaaaattaagggaattgctgaagcgggatgggattttttcggggcaaaggaggtcggatttcgtgaagggaataagccggctagtgtttcgtattggtttggattcatttctggtggagttgttatggcagtgccatcatcagctgatcgggagggtgcttattcagtgattgttacagttcct	1137	MAISSGVTTLLPKAHIESVQTITPFKITDPRPTLAVSAADPISLGIFQNCLHILLYYTKATQEDSSWLHAGWIKESLSRALVEQPLFAGRFRVNDSGELEVVANDSGIRLIEARTPMTMAEFLSYKSSREDAEDELVFWKTIDEHSPQYSPLFYVQVLISCFLLFWDILNHFSPFYFFLSQVTYFQCGGSSLGISCSVLLADLLFKENFLKKWANIHHNLLSDKSLTVTPFYNFRHVGKNGKSANNIFVSIPSKKCGKTMIFNVAAENVDSENDDALKICVEEAESKYGFGKLFVKINSSSCSAVKVENFRKEGLAKPKIKGIAEAGWDFFGAKEVGFREGNKPASVSYWFGFISGGVVMAVPSSADREGAYSVIVTVP	379
tblastn	query	caffeoyl	fvesca_scaffolds	sot:102599748	9e-21	34.24	52	scf0513134	29	cctgatttcatgtatgagtttacatgttgaattcctggttgctaacaagttgagaacattttgtcccatgtcttgatctaggctgtggctccacttatttctctggtcgctcccaagttccagtttaaaggtgcaaacaaaaggggaattccagtatcaagagatcctgcagcactggtggccaagtactccgatcccctggtctatacagggccaataagggtcagaacaggctacgagatattgcgtatctctgctcacttgatgcgaaactttaagtttgtgactgtacccttctttgttcttcatgggactgctgatagagtgacggatcctcttgcctcccatgatctgtataaagaggcagcgtccgagttcaaagacatcaagctctatgatggattcttgcacgacctcctctttgagcctgaacgtgaagagatcgcgcaggatataatcgattggatggagaagcgattaggtgctgtccctgaagatgttaccatctttgcataaattatttgctccacccca	PDFMYEFTC*IPGC*QVENILSHVLI*AVAPLISLVAPKFQFKGANKRGIPVSRDPAALVAKYSDPLVYTGPIRVRTGYEILRISAHLMRNFKFVTVPFFVLHGTADRVTDPLASHDLYKEAASEFKDIKLYDGFLHDLLFEPEREEIAQDIIDWMEKRLGAVPEDVTIFA*IICSTP	atgcgaaactttaagtttgtgactgtacccttctttgttcttcatgggactgctgatagagtgacggatcctcttgcctcccatgatctgtataaagaggcagcgtccgagttcaaagacatcaagctctatgatggattcttgcacgacctcctctttgagcctgaacgtgaagagatcgcgcaggatataatcgattggatggagaagcgattaggtgctgtccctgaagatgttaccatctttgcataa	252	MRNFKFVTVPFFVLHGTADRVTDPLASHDLYKEAASEFKDIKLYDGFLHDLLFEPEREEIAQDIIDWMEKRLGAVPEDVTIFA*	84
tblastn	query	caffeoyl	fvesca_scaffolds	vvi:104878467	4e-21	37.10	65	scf0513106	11	gtgaaggttgaagttcttcacaaagaaaatattagtccttcctctccaactcctcacccccttcgatttttcagcctttctgttttcgatcagttaactcccacagtttatttcccactacttctcttctaccccaatactgttcaacctcgcgatcgtgagcttaatagtattgatccccaaagtttggttgttgaaagaaccaagcttctgaaaacatcactctctgaaaccctaactcgcttctacccctttgcaggaagaatccacgatcatgcttcaatctgttgcaatgaccaaggagctgtgtttgttgaagctaaggtcaagtgttccatatcaagggtcttggaagaacccgatcttgagtttctaacagaattgattcctaagttggaatctactgatgaaggagaaacaggctatgttcttctaaatgtccaggtcaacttcttcgagtgtggtggaatcgctattggattcaacgtttctcataagatgattgatgccttcacactcagcacattcgtcaatagttgggctgcaacttcg	VKVEVLHKENISPSSPTPHPLRFFSLSVFDQLTPTVYFPLLLFYPNTVQPRDRELNSIDPQSLVVERTKLLKTSLSETLTRFYPFAGRIHDHASICCNDQGAVFVEAKVKCSISRVLEEPDLEFLTELIPKLESTDEGETGYVLLNVQVNFFECGGIAIGFNVSHKMIDAFTLSTFVNSWAATS	atgcttcaatctgttgcaatgaccaaggagctgtgtttgttgaagctaaggtcaagtgttccatatcaagggtcttggaagaacccgatcttgagtttctaa	102	MLQSVAMTKELCLLKLRSSVPYQGSWKNPILSF*	34
tblastn	query	caffeoyl	fvesca_scaffolds	sly:101247305	2e-42	29.11	98	scf0512965	3	tttgaagccgaagtgatctccaagcatattatcaagcctgcttctccaacccctgaccatcttcgccattaccagttctcctttcttgatcaaatatctcccccggtctatagccctttactcctcttctatgaattcaacgccaaaatccaacccaacatcactgaaatttccaaccacctgaagacctccttagccaaagtcctgagcctctactacccactagccggacgattcaaagacaaccaatatgtggattgcaatgacaatggtgtaccctaccttgaagttcaagtcaactgcaaactttctgatgttctgaacaatccgatccctggagaactcaacaagctcatgccgtttgagctcgacgatgtggcaaacaagtatcccctcggcgtccagctcaacatctttcaatgtggtggatttgctattgctcaatgccttactcataagctcgcagatgggttgtcatacttcacgttcagcaaaacttgggccgccaccgcccgtggcgaacccaaaatagagcatccgcagttcatttccgccacattgttccctcccagaaacttaagcggatttgatgcgcgcaccggcatcaccagaaacaaagtatcgaaaagatttgtgtttagcgcctctgacatagaagagctaagagaagttcaagcgaataaggcctcagcacgcccttcgcgtgttgaggccttatcgtctttcatcttgagccgattcgtggaggctaccaaagacattggatcacctgacaagttttacagggtggttcatgctgtgaacttgaggtcgaggtttgaaccaccactgccgcaccattcgtttgggaacctttaccgagttgccatgacagctccgttacgaatcagttctggggaaccgtttcacggtatacgagaagagatcagcaagatcgacaatgcgtacgtgagaaagctacagaaaggtgatgagcatttgagttccatcaagacgattgctaagagttttgctaaaggcgagcaggttacaatcagcttcagtagctattgcaggtttcctctgtatgataacgattttggttgggggaggcctacgtgggtgggatcaccggcactgacgttcaagaacctagtgaacttcatggacaccagagagggtggtggaattgaggcgtatattagcttggaggaggaagtcatgactaagtttgagagcgatgtagagctcttagcttatgtgtct	FEAEVISKHIIKPASPTPDHLRHYQFSFLDQISPPVYSPLLLFYEFNAKIQPNITEISNHLKTSLAKVLSLYYPLAGRFKDNQYVDCNDNGVPYLEVQVNCKLSDVLNNPIPGELNKLMPFELDDVANKYPLGVQLNIFQCGGFAIAQCLTHKLADGLSYFTFSKTWAATARGEPKIEHPQFISATLFPPRNLSGFDARTGITRNKVSKRFVFSASDIEELREVQANKASARPSRVEALSSFILSRFVEATKDIGSPDKFYRVVHAVNLRSRFEPPLPHHSFGNLYRVAMTAPLRISSGEPFHGIREEISKIDNAYVRKLQKGDEHLSSIKTIAKSFAKGEQVTISFSSYCRFPLYDNDFGWGRPTWVGSPALTFKNLVNFMDTREGGGIEAYISLEEEVMTKFESDVELLAYVS	atgccgtttgagctcgacgatgtggcaaacaagtatcccctcggcgtccagctcaacatctttcaatgtggtggatttgctattgctcaatgccttactcataagctcgcagatgggttgtcatacttcacgttcagcaaaacttgggccgccaccgcccgtggcgaacccaaaatagagcatccgcagttcatttccgccacattgttccctcccagaaacttaagcggatttgatgcgcgcaccggcatcaccagaaacaaagtatcgaaaagatttgtgtttagcgcctctgacatagaagagctaagagaagttcaagcgaataaggcctcagcacgcccttcgcgtgttgaggccttatcgtctttcatcttgagccgattcgtggaggctaccaaagacattggatcacctgacaagttttacagggtggttcatgctgtgaacttgaggtcgaggtttgaaccaccactgccgcaccattcgtttgggaacctttaccgagttgccatgacagctccgttacgaatcagttctggggaaccgtttcacggtatacgagaagagatcagcaagatcgacaatgcgtacgtgagaaagctacagaaaggtgatgagcatttgagttccatcaagacgattgctaagagttttgctaaaggcgagcaggttacaatcagcttcagtagctattgcaggtttcctctgtatgataacgattttggttgggggaggcctacgtgggtgggatcaccggcactgacgttcaagaacctagtgaacttcatggacaccagagagggtggtggaattgaggcgtatattagcttggaggaggaagtcatgactaagtttgagagcgatgtagagctcttagcttatgtgtct	891	MPFELDDVANKYPLGVQLNIFQCGGFAIAQCLTHKLADGLSYFTFSKTWAATARGEPKIEHPQFISATLFPPRNLSGFDARTGITRNKVSKRFVFSASDIEELREVQANKASARPSRVEALSSFILSRFVEATKDIGSPDKFYRVVHAVNLRSRFEPPLPHHSFGNLYRVAMTAPLRISSGEPFHGIREEISKIDNAYVRKLQKGDEHLSSIKTIAKSFAKGEQVTISFSSYCRFPLYDNDFGWGRPTWVGSPALTFKNLVNFMDTREGGGIEAYISLEEEVMTKFESDVELLAYVS	297
tblastn	query	caffeoyl	fvesca_scaffolds	sly:101247305	7e-29	26.41	99	scf0513142	18	gaatctgagatgatgaagtttgaggtaatcagaagtgaaacagtcaagccatcttctccaaccccccattatctcaaacacttcaagctttcccttctagaccaacttgctcctgttgcttacgagcccttggttctcttctacccctacaatgatcgtgatgttaccttcacacctgcaaagagatccctctggatgaagaagtcactgtcggaaactctgactcgtttctacccttttgctggaagaatcaaaggaaacatctcaatcgaatgccacgacgatggtgttgactatatgcaagctcgtgtccatggccttctctcaactcttttagcacagcctgatgcagagacactgaagcagctccttccggtagcgattgagttcccgaaagcagggaccgggcctctgcttcttgttcaggagagcttctttgattgtggtggattggcaattggtgtgtgcatgtcacgtaagttaggtgatgcagcctcacttggcacattcattatgtcatgggctgctagtgctcttggatttagtcaagcactgcttcccgatttcaacgcctcgttttggtttccaccaatggattgttcctctggccacaactcttctgtggatcatatcgtcaagaagagaacggatggttgtgtcacaaagaggtttgtgtttgatgcatctaagatatgtgcccttcagaccgaagcagccagtgcaaatgtgaaacagccaacgaatttagaagctgtcacagctcttatttggagatgcgcagtggctgcagccacaagatcaagctccctgcacaagtctcctcctaaggtctctgtgttgtcccaatctgtggacattcgcaaaaggatcgtgccgcctttgtccgatgactctataggaaaccttgtgggatactttgctgcacaggcaaatgagagtgagttggagctgcaaggcttggttgctcaactaaggacagggctcaaagaggtgagcaacaattgtgcccaaatacttaaggggagtcatggatctcgagggtttgtcgaatcttccaaagaggcaggtgatttcttccaaagagatgacattatgaacctacaagtctgcacaggcttgtgtgattataaggtattgtatgaggtgaattttgggtggggaaggccaatttgggtgagtaactttcctagtggtttaaacagaaatgtatcatctttggtgggtacaagaaaggatgatggtatagaggcttgggtgaccttgattgaggaagacatggctgcttttgaacatgaccaggagcttcttgcattt	ESEMMKFEVIRSETVKPSSPTPHYLKHFKLSLLDQLAPVAYEPLVLFYPYNDRDVTFTPAKRSLWMKKSLSETLTRFYPFAGRIKGNISIECHDDGVDYMQARVHGLLSTLLAQPDAETLKQLLPVAIEFPKAGTGPLLLVQESFFDCGGLAIGVCMSRKLGDAASLGTFIMSWAASALGFSQALLPDFNASFWFPPMDCSSGHNSSVDHIVKKRTDGCVTKRFVFDASKICALQTEAASANVKQPTNLEAVTALIWRCAVAAATRSSSLHKSPPKVSVLSQSVDIRKRIVPPLSDDSIGNLVGYFAAQANESELELQGLVAQLRTGLKEVSNNCAQILKGSHGSRGFVESSKEAGDFFQRDDIMNLQVCTGLCDYKVLYEVNFGWGRPIWVSNFPSGLNRNVSSLVGTRKDDGIEAWVTLIEEDMAAFEHDQELLAF	atgatgaagtttgaggtaatcagaagtgaaacagtcaagccatcttctccaaccccccattatctcaaacacttcaagctttcccttctagaccaacttgctcctgttgcttacgagcccttggttctcttctacccctacaatgatcgtgatgttaccttcacacctgcaaagagatccctctggatgaagaagtcactgtcggaaactctgactcgtttctacccttttgctggaagaatcaaaggaaacatctcaatcgaatgccacgacgatggtgttgactatatgcaagctcgtgtccatggccttctctcaactcttttagcacagcctgatgcagagacactgaagcagctccttccggtagcgattgagttcccgaaagcagggaccgggcctctgcttcttgttcaggagagcttctttgattgtggtggattggcaattggtgtgtgcatgtcacgtaagttaggtgatgcagcctcacttggcacattcattatgtcatgggctgctagtgctcttggatttagtcaagcactgcttcccgatttcaacgcctcgttttggtttccaccaatggattgttcctctggccacaactcttctgtggatcatatcgtcaagaagagaacggatggttgtgtcacaaagaggtttgtgtttgatgcatctaagatatgtgcccttcagaccgaagcagccagtgcaaatgtgaaacagccaacgaatttagaagctgtcacagctcttatttggagatgcgcagtggctgcagccacaagatcaagctccctgcacaagtctcctcctaaggtctctgtgttgtcccaatctgtggacattcgcaaaaggatcgtgccgcctttgtccgatgactctataggaaaccttgtgggatactttgctgcacaggcaaatgagagtgagttggagctgcaaggcttggttgctcaactaaggacagggctcaaagaggtgagcaacaattgtgcccaaatacttaaggggagtcatggatctcgagggtttgtcgaatcttccaaagaggcaggtgatttcttccaaagagatgacattatgaacctacaagtctgcacaggcttgtgtgattataaggtattgtatgaggtgaattttgggtggggaaggccaatttgggtgagtaactttcctagtggtttaaacagaaatgtatcatctttggtgggtacaagaaaggatgatggtatagaggcttgggtgaccttgattgaggaagacatggctgcttttgaacatgaccaggagcttcttgcattt	1305	MMKFEVIRSETVKPSSPTPHYLKHFKLSLLDQLAPVAYEPLVLFYPYNDRDVTFTPAKRSLWMKKSLSETLTRFYPFAGRIKGNISIECHDDGVDYMQARVHGLLSTLLAQPDAETLKQLLPVAIEFPKAGTGPLLLVQESFFDCGGLAIGVCMSRKLGDAASLGTFIMSWAASALGFSQALLPDFNASFWFPPMDCSSGHNSSVDHIVKKRTDGCVTKRFVFDASKICALQTEAASANVKQPTNLEAVTALIWRCAVAAATRSSSLHKSPPKVSVLSQSVDIRKRIVPPLSDDSIGNLVGYFAAQANESELELQGLVAQLRTGLKEVSNNCAQILKGSHGSRGFVESSKEAGDFFQRDDIMNLQVCTGLCDYKVLYEVNFGWGRPIWVSNFPSGLNRNVSSLVGTRKDDGIEAWVTLIEEDMAAFEHDQELLAF	435
tblastn	query	caffeoyl	fvesca_scaffolds	sly:101247305	2e-31	29.26	98	scf0513150	6	acgcttgaagtggaagtcatctccaaggagattatcaaaccatcttctccgacccctgaccatcttcgccattaccggtactcctttctcgatcaaacctcacttccccagatctatatctctatggttctcttcttcgaattcaacggccagacacaacccaacatcactgagatatccaaccatcttaagacgtcgttagccgaggtcttaacactctattatcccctagcaggacgagctcatgacaacctctatatagactgcaacgacaaaggtgttcccttcctcgtagctcacgtcaacaactgcaaactctcctacgtgctccgcgatcctattcccgacgaactcactaagctggtagcgtttgagcttgacgacgttgataacaagatcccctttggtgtgcagctcaacgtctttgaatgtggagggttcgctataggtcaatgtatttctcacaagattgcagatgggttatctatgctcatgttcagtagagcttgggcagccattgcgcgacgagcccatggagatcaagaagccgaaatacaccgtccagaattcatttccgccacgctcttcccaaccaagttttttacacagacatgcattggcgtcgcgaagaataaactagtgacaaagaggtttgtgtttgatgcgtctaacatagagtacctcagagcaagatatgcgggcactacgatgaagcgcccttcacgcgttgaagccctttcggctttcatatggagcagatttgtagccatttccaatgatgatggcattcatgagaagttgcacagcgtcatccatgttgtgaaccttcgtcccaggtttgatccacctctgccgctacactcatttggaaatctgatcagttttgcatgttcaactccttcgttgttgaatactagagaagaatgctacggcctagcaaggcaggttcgagaagcaataagcaagatcgataagggctatatcaaaaagcttcaagggggtgctgatcatgataacatgaccagtagtgatggaggagagaaggttacatctttatttactggtttgtgcaaatttcctttatatgataacgattttggttggggaaaaccatcatgggtgtacgcgaggttgccaggactcaacttcaacaacctagtaatttttattgagaccaaagacgcaaatggaatagaggcatacattacctcagctgaggaagtcttgactaaactgcaaagagacaccgag	TLEVEVISKEIIKPSSPTPDHLRHYRYSFLDQTSLPQIYISMVLFFEFNGQTQPNITEISNHLKTSLAEVLTLYYPLAGRAHDNLYIDCNDKGVPFLVAHVNNCKLSYVLRDPIPDELTKLVAFELDDVDNKIPFGVQLNVFECGGFAIGQCISHKIADGLSMLMFSRAWAAIARRAHGDQEAEIHRPEFISATLFPTKFFTQTCIGVAKNKLVTKRFVFDASNIEYLRARYAGTTMKRPSRVEALSAFIWSRFVAISNDDGIHEKLHSVIHVVNLRPRFDPPLPLHSFGNLISFACSTPSLLNTREECYGLARQVREAISKIDKGYIKKLQGGADHDNMTSSDGGEKVTSLFTGLCKFPLYDNDFGWGKPSWVYARLPGLNFNNLVIFIETKDANGIEAYITSAEEVLTKLQRDTE	atggttctcttcttcgaattcaacggccagacacaacccaacatcactgagatatccaaccatcttaagacgtcgttagccgaggtcttaacactctattatcccctagcaggacgagctcatgacaacctctatatagactgcaacgacaaaggtgttcccttcctcgtagctcacgtcaacaactgcaaactctcctacgtgctccgcgatcctattcccgacgaactcactaagctggtagcgtttgagcttgacgacgttgataacaagatcccctttggtgtgcagctcaacgtctttgaatgtggagggttcgctataggtcaatgtatttctcacaagattgcagatgggttatctatgctcatgttcagtagagcttgggcagccattgcgcgacgagcccatggagatcaagaagccgaaatacaccgtccagaattcatttccgccacgctcttcccaaccaagttttttacacagacatgcattggcgtcgcgaagaataaactagtgacaaagaggtttgtgtttgatgcgtctaacatagagtacctcagagcaagatatgcgggcactacgatgaagcgcccttcacgcgttgaagccctttcggctttcatatggagcagatttgtagccatttccaatgatgatggcattcatgagaagttgcacagcgtcatccatgttgtgaaccttcgtcccaggtttgatccacctctgccgctacactcatttggaaatctgatcagttttgcatgttcaactccttcgttgttgaatactagagaagaatgctacggcctagcaaggcaggttcgagaagcaataagcaagatcgataagggctatatcaaaaagcttcaagggggtgctgatcatgataacatgaccagtagtgatggaggagagaaggttacatctttatttactggtttgtgcaaatttcctttatatgataacgattttggttggggaaaaccatcatgggtgtacgcgaggttgccaggactcaacttcaacaacctagtaatttttattgagaccaaagacgcaaatggaatagaggcatacattacctcagctgaggaagtcttgactaaactgcaaagagacaccgag	1128	MVLFFEFNGQTQPNITEISNHLKTSLAEVLTLYYPLAGRAHDNLYIDCNDKGVPFLVAHVNNCKLSYVLRDPIPDELTKLVAFELDDVDNKIPFGVQLNVFECGGFAIGQCISHKIADGLSMLMFSRAWAAIARRAHGDQEAEIHRPEFISATLFPTKFFTQTCIGVAKNKLVTKRFVFDASNIEYLRARYAGTTMKRPSRVEALSAFIWSRFVAISNDDGIHEKLHSVIHVVNLRPRFDPPLPLHSFGNLISFACSTPSLLNTREECYGLARQVREAISKIDKGYIKKLQGGADHDNMTSSDGGEKVTSLFTGLCKFPLYDNDFGWGKPSWVYARLPGLNFNNLVIFIETKDANGIEAYITSAEEVLTKLQRDTE	376
tblastn	query	caffeoyl	fvesca_scaffolds	sly:101247305	3e-24	25.19	94	scf0513154	6	aacatcaccggaatttccaaccaccttaagaagtcgttagctgacgtcttgaccctcttttatcccctagcaggagtacgtgcccatgacaacatgtatgtagactgcaacgaccagggcattccttaccttaaagctcacgttagcaactgcatactgtccgactttctctgaaatccaatccccgacgaactcaccaagttggttccatttcaacttgatgacagtgataatcaaatccgttttggtgtgcagctcaacgtgtttgagtgcggagggtttgctattggtcaatgcgtttctcacaagattgcagatggattatcaactctcatgttcagcaaagcctgggcagcaactaccctacgagccctcggagatcaccaagccgagatatcttgtccggaattcgtttctgcaacactcttcccacccaagttggttgcagaccctgagaccatctctggtctagcaaagaaaaagttagtgacaaagaggtttgtgtttgatgcatccaacatagagcagcttcgagcaaaatatgagcaactcgaacgcccaacgagagtcgagaccttgacagctttcatctggagctgtttggtggctgatacaactgattatggtattcatgacaatcagaagttgcacaaagtgagccaggttgtgaacctgcgtcgcaagttagatccacctttggcgccacacattttcggaaatatcatcactcttgccgattcaattccttctttgttgaatactggggaagaatgttatggcctagcaaggcaggttagagaagcaataagaaagatcgataaggtctacatcagaaaactacaacagggtgaagatgatcacgggagtagtagtgaaggtagcattacatctgtcttcactattttgtgtaattttcctttgtatgatagtgatttcggatggggaagaccattatgggtgtcgatggggatgccgggacttgacttcaacaatgtagttattttcacggacaccagagatgctaatggaatagaggcgtccattacttcaaccaaggaagtcttaattggacttgaaactgacaccgag	NITGISNHLKKSLADVLTLFYPLAGVRAHDNMYVDCNDQGIPYLKAHVSNCILSDFL*NPIPDELTKLVPFQLDDSDNQIRFGVQLNVFECGGFAIGQCVSHKIADGLSTLMFSKAWAATTLRALGDHQAEISCPEFVSATLFPPKLVADPETISGLAKKKLVTKRFVFDASNIEQLRAKYEQLERPTRVETLTAFIWSCLVADTTDYGIHDNQKLHKVSQVVNLRRKLDPPLAPHIFGNIITLADSIPSLLNTGEECYGLARQVREAIRKIDKVYIRKLQQGEDDHGSSSEGSITSVFTILCNFPLYDSDFGWGRPLWVSMGMPGLDFNNVVIFTDTRDANGIEASITSTKEVLIGLETDTE	atgacagtgataatcaaatccgttttggtgtgcagctcaacgtgtttgagtgcggagggtttgctattggtcaatgcgtttctcacaagattgcagatggattatcaactctcatgttcagcaaagcctgggcagcaactaccctacgagccctcggagatcaccaagccgagatatcttgtccggaattcgtttctgcaacactcttcccacccaagttggttgcagaccctgagaccatctctggtctag	252	MTVIIKSVLVCSSTCLSAEGLLLVNAFLTRLQMDYQLSCSAKPGQQLPYEPSEITKPRYLVRNSFLQHSSHPSWLQTLRPSLV*	84
tblastn	query	caffeoyl	fvesca_scaffolds	bvg:104905657	3e-34	28.71	92	scf0513096	2	cctcgtcaccaaacaactctcaagctctctttcctggaccaactcctgcctcctaccttatacccaactatcatatttttctactcttccccttctagtgattcagcttccactgtttcagagagcttgcaagcatctctttcccaagccttggttctcttctatccacttgccggccgactcaaaaccgctgcctctgtcgactgcaacgaccaaggagctcattttctcgaggcccgagttaactgccacctctcggatttgctcaaagttccccagcacaagttgcttaacaaccttatccccgagtttgagcctaaaacagttgagttcgcgttgggttcagttgttttgatcgttcaagtgagtcttttcaagtgtggaggagtcgctgttgctgcgtcgccgatacacaagatcggggataccggcggatattacaattttttacaaacatgggctgccatacaccgtggtgaaaccgatcaactagcgctgcctgagtttaatggagcatctgtgctgcctcctagagagtttccagtcccaagcagcttgggattagtcccaaatcaatagttgacgacaaaaaggttcgtgtttgatctcacaaagattgctagtctcaaggcaaaaatcggaggtacaaacgtagaacttgtttcggcaatcatcctcagaagtgctcttgttgcttgtcatagatcgaagccggagactgcttcagggacaactgtgttttcccaaattgtaagtttcggcaatagaatagtcccggctgtggcgccaaacgtgatgggaaactggttttggtcggttcaagtgatattcaaggaaaacgagacggaactacaggagttggtggctaagatgaggaaaggagtaacagagttcaacaaggagaaggcgcacagattcaaaggcgaagatggatacagggttgtgtccgagtcgcttagagagaggagagagttgtttaagagcacaaaggggtgcatcaatctttataggggtacaagtttgtgcaagctccccatatatgagctcgattttggttgggggaagccgacatgggtcactagccaaaccaaccacaagaacctatttatattgatcgacacgaaacatggagatggcatcgaagtgtgggtgacactggataggaagaaatggctatatttg	PRHQTTLKLSFLDQLLPPTLYPTIIFFYSSPSSDSASTVSESLQASLSQALVLFYPLAGRLKTAASVDCNDQGAHFLEARVNCHLSDLLKVPQHKLLNNLIPEFEPKTVEFALGSVVLIVQVSLFKCGGVAVAASPIHKIGDTGGYYNFLQTWAAIHRGETDQLALPEFNGASVLPPREFPVPSSLGLVPNQ*LTTKRFVFDLTKIASLKAKIGGTNVELVSAIILRSALVACHRSKPETASGTTVFSQIVSFGNRIVPAVAPNVMGNWFWSVQVIFKENETELQELVAKMRKGVTEFNKEKAHRFKGEDGYRVVSESLRERRELFKSTKGCINLYRGTSLCKLPIYELDFGWGKPTWVTSQTNHKNLFILIDTKHGDGIEVWVTLDRKKWLYL	cctcgtcaccaaacaactctcaagctctctttcctggaccaactcctgcctcctaccttatacccaactatcatatttttctactcttccccttctagtgattcagcttccactgtttcagagagcttgcaagcatctctttcccaagccttggttctcttctatccacttgccggccgactcaaaaccgctgcctctgtcgactgcaacgaccaaggagctcattttctcgaggcccgagttaactgccacctctcggatttgctcaaagttccccagcacaagttgcttaacaaccttatccccgagtttgagcctaaaacagttgagttcgcgttgggttcagttgttttgatcgttcaagtgagtcttttcaagtgtggaggagtcgctgttgctgcgtcgccgatacacaagatcggggataccggcggatattacaattttttacaaacatgggctgccatacaccgtggtgaaaccgatcaactagcgctgcctgagtttaatggagcatctgtgctgcctcctagagagtttccagtcccaagcagcttgggattagtcccaaatcaatag	579	PRHQTTLKLSFLDQLLPPTLYPTIIFFYSSPSSDSASTVSESLQASLSQALVLFYPLAGRLKTAASVDCNDQGAHFLEARVNCHLSDLLKVPQHKLLNNLIPEFEPKTVEFALGSVVLIVQVSLFKCGGVAVAASPIHKIGDTGGYYNFLQTWAAIHRGETDQLALPEFNGASVLPPREFPVPSSLGLVPNQ*	193
tblastn	query	caffeoyl	fvesca_scaffolds	bvg:104905657	1e-28	25.23	97	scf0513178.3	3	atcgaggttgaagtcatttacaaagaaaccattacaccatcctctccaactcctccccacctgaaatgtgtagacctctcagtttttgatcagatagttcctgaaacttatatcccactgctgcttttctatcccagtcttgccaatcctgaaaccgataccgatcaccagtcactggttgcagaaaaatccagcattctaaaagcatcactatctaaaacactcactcacttctatcccttagcagggaaattccaatacaataatgcaatcatttgtgatgatcatggtgttgcattcattgcatccagggtaaattgtccgatatcggagatattggagaatccagatatgtagaaactaaagtatctgtttccagctgctgtagaatccacacaccttcttctggtccaggtcaacttctttgaatgtggtggaatggcaattgtagtcaacattttacataaggtcgcggatgcttttaccttgagcacattcttaaaaagctgggcagcagcttcccttggctctagtagtagctgtactactcatgatcatccagtgcttcctccaaagttcggttctgcagcttctctttacccatcacaagatttcttaaactcacgaaaacctgattttgtgggatctgttcaagaaaagtgcacaagaagaagattcgtatttgatgcctcaaggattgtggctctcaagtccaaatgtgctagtcctgccgtgccacatcctacgcgtgttgaagtagtgtcagcactcatctggaaatgtgccatggacgcatcgagatcaaacttgggtgttataaggccttcctcgtggtctcaagcggtgaacatgcgaaaaagaagatcaggtcacgcattcacagaaaacttgatggggaattttgtgtggtcgtacactgcagcaatgacagtaaatactgaagtagatcttcaaagcttggttgcaacattccggaaatgcaaggaggactatgaagtaaactttcctaatggggttaccgctgagcttgcctatcaaaaaatcaaagagtcttggaagaacttggcaaaggagggcatagacaactatggttgcaccagttggtgctggtttcctttctacgaaaccaactttggatggggaaagccatcatgggtaagtacccgtggttttcaagtcaaaaatacagtggtattgatggatgcgaaagatggcgatggcatcgaagcgtccttgactttcatagaagagaaaatggccatatttgaaagcaatcaggagctg	IEVEVIYKETITPSSPTPPHLKCVDLSVFDQIVPETYIPLLLFYPSLANPETDTDHQSLVAEKSSILKASLSKTLTHFYPLAGKFQYNNAIICDDHGVAFIASRVNCPISEILENPDM*KLKYLFPAAVESTHLLLVQVNFFECGGMAIVVNILHKVADAFTLSTFLKSWAAASLGSSSSCTTHDHPVLPPKFGSAASLYPSQDFLNSRKPDFVGSVQEKCTRRRFVFDASRIVALKSKCASPAVPHPTRVEVVSALIWKCAMDASRSNLGVIRPSSWSQAVNMRKRRSGHAFTENLMGNFVWSYTAAMTVNTEVDLQSLVATFRKCKEDYEVNFPNGVTAELAYQKIKESWKNLAKEGIDNYGCTSWCWFPFYETNFGWGKPSWVSTRGFQVKNTVVLMDAKDGDGIEASLTFIEEKMAIFESNQEL	atggcaattgtagtcaacattttacataaggtcgcggatgcttttaccttgagcacattcttaaaaagctgggcagcagcttcccttggctctagtagtagctgtactactcatgatcatccagtgcttcctccaaagttcggttctgcagcttctctttacccatcacaagatttcttaaactcacgaaaacctgattttgtgggatctgttcaagaaaagtgcacaagaagaagattcgtatttgatgcctcaaggattgtggctctcaagtccaaatgtgctagtcctgccgtgccacatcctacgcgtgttgaagtagtgtcagcactcatctggaaatgtgccatggacgcatcgagatcaaacttgggtgttataaggccttcctcgtggtctcaagcggtgaacatgcgaaaaagaagatcaggtcacgcattcacagaaaacttgatggggaattttgtgtggtcgtacactgcagcaatgacagtaaatactgaagtagatcttcaaagcttggttgcaacattccggaaatgcaaggaggactatgaagtaaactttcctaatggggttaccgctgagcttgcctatcaaaaaatcaaagagtcttggaagaacttggcaaaggagggcatagacaactatggttgcaccagttggtgctggtttcctttctacgaaaccaactttggatggggaaagccatcatgggtaagtacccgtggttttcaagtcaaaaatacagtggtattgatggatgcgaaagatggcgatggcatcgaagcgtccttgactttcatagaagagaaaatggccatatttgaaagcaatcaggagctg	846	MAIVVNILHKVADAFTLSTFLKSWAAASLGSSSSCTTHDHPVLPPKFGSAASLYPSQDFLNSRKPDFVGSVQEKCTRRRFVFDASRIVALKSKCASPAVPHPTRVEVVSALIWKCAMDASRSNLGVIRPSSWSQAVNMRKRRSGHAFTENLMGNFVWSYTAAMTVNTEVDLQSLVATFRKCKEDYEVNFPNGVTAELAYQKIKESWKNLAKEGIDNYGCTSWCWFPFYETNFGWGKPSWVSTRGFQVKNTVVLMDAKDGDGIEASLTFIEEKMAIFESNQEL	282
tblastn	query	caffeoyl	fvesca_scaffolds	sly:101247305	4e-21	29.10	57	scf0513128	3	gacatggagataaatatagtttccagagatactatcaaacctgcagctgcagctacctcttcacttcatccccatcaaaaaccttgcaatctttgcatctttgatcagctcattccaacaacttatgttccaatgcttttcttctaccccattattgatcccaacttcaacctcccccagacactagcccatttgaaaaactcactctcacataccctcactcagtactacccgttttccgggcggaccaaagacaacctctatattcatgactttgatgctggtgtcccctaccttgaagcgcgagtcgaatgtcgcatgttcgaggttcttgagcttcaagaaatcgagttgctcaatcgatttcttccgttccatccattttgcaaggaaactgaatctcctgatctgctgccgttggtagcatttcaggtcactgtttttgcttgcggtggaatatcaattgggatctctctttctcacaagatctttgacacacaaactgcaaatattttcctcaagtcttgggcttctgtttctcgcagggatcatgaagaagcaataacatcaaaccctaatctctgccaagcatcgttaacttttccagtaagtgataatttaccacaaaaatatcttgctttcatggagagcatgtggttcgaggaaaagaagtatgttacaaggagatttgtgtttgatgctaaagccatagccacattacgtgagaaagcaaagagcgagcttgtgcccaatccaactcgtgttgaggcactcact	DMEINIVSRDTIKPAAAATSSLHPHQKPCNLCIFDQLIPTTYVPMLFFYPIIDPNFNLPQTLAHLKNSLSHTLTQYYPFSGRTKDNLYIHDFDAGVPYLEARVECRMFEVLELQEIELLNRFLPFHPFCKETESPDLLPLVAFQVTVFACGGISIGISLSHKIFDTQTANIFLKSWASVSRRDHEEAITSNPNLCQASLTFPVSDNLPQKYLAFMESMWFEEKKYVTRRFVFDAKAIATLREKAKSELVPNPTRVEALT	atggagataaatatagtttccagagatactatcaaacctgcagctgcagctacctcttcacttcatccccatcaaaaaccttgcaatctttgcatctttgatcagctcattccaacaacttatgttccaatgcttttcttctaccccattattgatcccaacttcaacctcccccagacactagcccatttgaaaaactcactctcacataccctcactcagtactacccgttttccgggcggaccaaagacaacctctatattcatgactttgatgctggtgtcccctaccttgaagcgcgagtcgaatgtcgcatgttcgaggttcttgagcttcaagaaatcgagttgctcaatcgatttcttccgttccatccattttgcaaggaaactgaatctcctgatctgctgccgttggtagcatttcaggtcactgtttttgcttgcggtggaatatcaattgggatctctctttctcacaagatctttgacacacaaactgcaaatattttcctcaagtcttgggcttctgtttctcgcagggatcatgaagaagcaataacatcaaaccctaatctctgccaagcatcgttaacttttccagtaagtgataatttaccacaaaaatatcttgctttcatggagagcatgtggttcgaggaaaagaagtatgttacaaggagatttgtgtttgatgctaaagccatagccacattacgtgagaaagcaaagagcgagcttgtgcccaatccaactcgtgttgaggcactcact	774	MEINIVSRDTIKPAAAATSSLHPHQKPCNLCIFDQLIPTTYVPMLFFYPIIDPNFNLPQTLAHLKNSLSHTLTQYYPFSGRTKDNLYIHDFDAGVPYLEARVECRMFEVLELQEIELLNRFLPFHPFCKETESPDLLPLVAFQVTVFACGGISIGISLSHKIFDTQTANIFLKSWASVSRRDHEEAITSNPNLCQASLTFPVSDNLPQKYLAFMESMWFEEKKYVTRRFVFDAKAIATLREKAKSELVPNPTRVEALT	258
tblastn	query	caffeoyl	fvesca_scaffolds	sly:101247305	6e-24	25.61	98	scf0512963	1	atggtggtgaagttcaaagactgcgaagtagtgaaaccctctaaaaccacatggaaaggttccctaactctatcagaatgggaccaagttggaaccatcactcattgtcccactatatacttttataaatcaaaccctaactgggtcacaccacaagacgcaatccccaactcactcaaggactcgttagctcgtgcattggttcccttctatccattagcaggccgcctccgttggattggtggcggccgcctcgagctcgactgcaatgccatgggagtccaattcgtagaagccgagtccaactccaaactcgaagactttggtgacttatcaccgtcgccggagtataactatcttgttcccacggttgactacagcctccccattcatgaacttcccttgttgcttgtacaacttactaggttcaaatgtggtggtgttagtcttagcctcaccatttcacatgctgttgttgacggcccaagtgcactacatttcatttctgagtgggcacgccttgctaggggtgagccgttggaggtgacgccgtttctggatcgaaaagtcatgcaaggtagagatgacaacaccccggcggcagcgaaacctctaccgctcgaccactcagagttcgaccagccgccactcttacttgggcaatcagataacgtagaagaaaggaagaagaaaaccattgtttctatgctaagacttcgtaaagatcagctcgagaaactgaagtgcatagctaatgatagttacgacctttacaacaacagctcctctgctggcagcactactaaacgtggtggttatacgcgttacgagacagtttcggggcatatctggagatgtgcttgcaaggcaaggaagcacaaagccgagcagccgacggcattgggggtttgcgtcgactcgcgcagtcgaatgcaacccccattgcctcagggctacttcggaaatgcaacctttgatgtgattgctacgagtcattcgggggagctggtttcaaagccattaggttacgctgcaagtagaataagggaggccatcgagaaggtgtcgaatgattacgtgttgtctgcaattgaaaacatgaagaaccaaccagatctgactcggtttcaagaccttcatgctttaggaagtgacgaagggcctttctatggaaaccctaatctcggggtggtgagctggttaacattgccgatatatggtctggactttgggtgggggaaggagatttatatgggtccaggaactcatgattttgatggggattcattgattcttccaagttcggatggagatggttctgtggttgttgcgttatgtcttcaagtggctcatatggatgctttcaagaagcatttctat	MVVKFKDCEVVKPSKTTWKGSLTLSEWDQVGTITHCPTIYFYKSNPNWVTPQDAIPNSLKDSLARALVPFYPLAGRLRWIGGGRLELDCNAMGVQFVEAESNSKLEDFGDLSPSPEYNYLVPTVDYSLPIHELPLLLVQLTRFKCGGVSLSLTISHAVVDGPSALHFISEWARLARGEPLEVTPFLDRKVMQGRDDNTPAAAKPLPLDHSEFDQPPLLLGQSDNVEERKKKTIVSMLRLRKDQLEKLKCIANDSYDLYNNSSSAGSTTKRGGYTRYETVSGHIWRCACKARKHKAEQPTALGVCVDSRSRMQPPLPQGYFGNATFDVIATSHSGELVSKPLGYAASRIREAIEKVSNDYVLSAIENMKNQPDLTRFQDLHALGSDEGPFYGNPNLGVVSWLTLPIYGLDFGWGKEIYMGPGTHDFDGDSLILPSSDGDGSVVVALCLQVAHMDAFKKHFY	atggtggtgaagttcaaagactgcgaagtagtgaaaccctctaaaaccacatggaaaggttccctaactctatcagaatgggaccaagttggaaccatcactcattgtcccactatatacttttataaatcaaaccctaactgggtcacaccacaagacgcaatccccaactcactcaaggactcgttagctcgtgcattggttcccttctatccattagcaggccgcctccgttggattggtggcggccgcctcgagctcgactgcaatgccatgggagtccaattcgtagaagccgagtccaactccaaactcgaagactttggtgacttatcaccgtcgccggagtataactatcttgttcccacggttgactacagcctccccattcatgaacttcccttgttgcttgtacaacttactaggttcaaatgtggtggtgttagtcttagcctcaccatttcacatgctgttgttgacggcccaagtgcactacatttcatttctgagtgggcacgccttgctaggggtgagccgttggaggtgacgccgtttctggatcgaaaagtcatgcaaggtagagatgacaacaccccggcggcagcgaaacctctaccgctcgaccactcagagttcgaccagccgccactcttacttgggcaatcagataacgtagaagaaaggaagaagaaaaccattgtttctatgctaagacttcgtaaagatcagctcgagaaactgaagtgcatagctaatgatagttacgacctttacaacaacagctcctctgctggcagcactactaaacgtggtggttatacgcgttacgagacagtttcggggcatatctggagatgtgcttgcaaggcaaggaagcacaaagccgagcagccgacggcattgggggtttgcgtcgactcgcgcagtcgaatgcaacccccattgcctcagggctacttcggaaatgcaacctttgatgtgattgctacgagtcattcgggggagctggtttcaaagccattaggttacgctgcaagtagaataagggaggccatcgagaaggtgtcgaatgattacgtgttgtctgcaattgaaaacatgaagaaccaaccagatctgactcggtttcaagaccttcatgctttaggaagtgacgaagggcctttctatggaaaccctaatctcggggtggtgagctggttaacattgccgatatatggtctggactttgggtgggggaaggagatttatatgggtccaggaactcatgattttgatggggattcattgattcttccaagttcggatggagatggttctgtggttgttgcgttatgtcttcaagtggctcatatggatgctttcaagaagcatttctat	1380	MVVKFKDCEVVKPSKTTWKGSLTLSEWDQVGTITHCPTIYFYKSNPNWVTPQDAIPNSLKDSLARALVPFYPLAGRLRWIGGGRLELDCNAMGVQFVEAESNSKLEDFGDLSPSPEYNYLVPTVDYSLPIHELPLLLVQLTRFKCGGVSLSLTISHAVVDGPSALHFISEWARLARGEPLEVTPFLDRKVMQGRDDNTPAAAKPLPLDHSEFDQPPLLLGQSDNVEERKKKTIVSMLRLRKDQLEKLKCIANDSYDLYNNSSSAGSTTKRGGYTRYETVSGHIWRCACKARKHKAEQPTALGVCVDSRSRMQPPLPQGYFGNATFDVIATSHSGELVSKPLGYAASRIREAIEKVSNDYVLSAIENMKNQPDLTRFQDLHALGSDEGPFYGNPNLGVVSWLTLPIYGLDFGWGKEIYMGPGTHDFDGDSLILPSSDGDGSVVVALCLQVAHMDAFKKHFY	460
tblastn	query	caffeoyl	fvesca_scaffolds	sita:101781529	1e-20	92.31	25	scf0512970	6	agctatgattttgcatttgttgatgctgacaagagaatgtatccagaatactttgaattattgctccaactcgtaaga	SYDFAFVDADKRMYPEYFELLLQLVR	cttacgagttggagcaataattcaaagtattctggatacattctcttgtcagcatcaacaaatgcaaaatcatag	75	LTSWSNNSKYSGYILLSASTNAKS*	25
